{"cameraMode":{"drawMode":0,"name":"Shaded","section":"Shading Mode"},"sceneLighting":true,"audioPlay":false,"sceneViewState":{"m_AlwaysRefresh":false,"showFog":true,"showSkybox":true,"showFlares":true,"showImageEffects":true,"showParticleSystems":true,"showVisualEffectGraphs":true,"m_FxEnabled":true},"in2DMode":false,"pivot":{"x":0.6507179737091065,"y":1.5247782468795777,"z":-0.5430264472961426},"rotation":{"x":-0.4628189206123352,"y":-0.34131473302841189,"z":0.1990632563829422,"w":-0.7935395836830139},"size":0.5050074458122253,"orthographic":false}