{"cameraMode":{"drawMode":0,"name":"Shaded","section":"Shading Mode"},"sceneLighting":true,"audioPlay":false,"sceneViewState":{"m_AlwaysRefresh":false,"showFog":true,"showSkybox":true,"showFlares":true,"showImageEffects":true,"showParticleSystems":true,"showVisualEffectGraphs":true,"m_FxEnabled":true},"in2DMode":false,"pivot":{"x":73.98361206054688,"y":4.3591742515563969,"z":195.23951721191407},"rotation":{"x":-0.0525578111410141,"y":0.6699344515800476,"z":0.04764706641435623,"w":0.7390293478965759},"size":0.8660253882408142,"orthographic":false}